"ID","Name","Surname","Initials","Age","DateOfBirth"
"1","A Carl","Angard","A","28","6/2/1994"
"2","Am Frank","Aderson Deitz","A","22","7/8/2000"
"3","Aam Hal","Anderson Ebner","A","88","13/2/1934"
"4","Adam Ike","Ason Hancock","A","20","9/2/2002"
"5","Am Matthew","ALawless","A","100","15/11/1922"
"6","A Aaron","An Aikin","A","26","14/4/1996"
"7","Ax Ben","An Bateman","A","89","25/7/1933"
"8","A David","A Boyd","A","116","22/7/1906"
"9","A Edward","Awoon Cannon","A","74","28/7/1948"
"10","Aex Jack","Aoon Hesch","A","19","28/7/2003"
"11","A Larry","Aassing","A","38","17/8/1984"
"12","AAaron","Aikin Aikin","A","79","17/5/1943"
"13","An Ben","Ateman","A","104","13/5/1918"
"14","Ben Carl","Ban Bongard","B","27","21/9/1995"
"15","Bn David","B Boyd","B","30","14/9/1992"
"16","Ben Jack","Ban Hesch","B","14","1/3/2008"
"17","B Larry","Bman Kassing","B","18","6/11/2004"
"18","Carl Ike","Bncock","C","121","4/1/1901"
"19","Crl Jack","Bd Hesch","C","75","21/3/1947"
"20","DAaron","Bowers Aikin","D","118","12/10/1904"
"21","D Carl","Brs Bongard","D","76","1/5/1946"
"22","Dn Ike","Bers Hancock","D","17","19/11/2005"
"23","D Alex","Boyd Ashwoon","D","92","21/2/1930"
"24","Dvid Edward","B Cannon","D","42","12/1/1980"
"25","D George","Bd Dewalt","D","68","26/10/1954"
"26","DMonte","Butson","D","97","31/1/1925"
"27","Datthew","BLawless","D","13","29/12/2009"
"28","Eard Alex","Cnon Ashwoon","E","25","8/2/1997"
"29","Ed Aaron","Cnon Aikin","E","94","9/12/1928"
"30","Eward Carl","Cannon Bongard","E","61","17/6/1961"
"31","E David","Cnon Boyd","E","31","2/2/1991"
"32","Erd Fred","Cannon Cast","E","27","8/10/1995"
"33","Ed Larry","Cn Kassing","E","33","9/6/1989"
"34","Eatthew","Cwless","E","25","10/1/1997"
"35","Fdward","CCannon","F","86","28/7/1936"
"36","F Frank","C Deitz","F","97","26/9/1925"
"37","Fed Joe","CHoffman","F","121","13/4/1901"
"38","F Larry","Ct Kassing","F","63","14/9/1959"
"39","F Matthew","Cawless","F","93","8/3/1929"
"40","Fank Carl","D Bongard","F","104","2/6/1918"
"41","Fank Hal","D Ebner","F","45","16/1/1977"
"42","Frank Hank","Dz Frick","F","60","23/6/1962"
"43","Fnk John","Dz Haworth","F","32","4/7/1990"
"44","Fnk Joe","Deitz Hoffman","F","43","31/3/1979"
"45","Fatthew","D Lawless","F","42","25/4/1980"
"46","George Alex","Dlt Ashwoon","G","71","17/12/1951"
"47","Ge Carl","Dewalt Bongard","G","99","4/4/1923"
"48","Ge Dan","DBowers","G","66","17/1/1956"
"49","Gorge David","D Boyd","G","107","9/12/1915"
"50","Ge Frank","Dwalt Deitz","G","31","14/10/1991"
"51","Gge Hank","Dwalt Frick","G","16","23/5/2006"
"52","Gorge John","Dalt Haworth","G","107","7/5/1915"
"53","G Jack","Dalt Hesch","G","45","15/6/1977"
"54","Gorge Joe","D Hoffman","G","25","17/2/1997"
"55","George Matthew","Dwless","G","78","30/8/1944"
"56","Hl Aaron","E Aikin","H","114","21/2/1908"
"57","HDavid","Er Boyd","H","94","21/11/1928"
"58","H John","Eaworth","H","89","16/11/1933"
"59","H Larry","Eassing","H","50","7/7/1972"
"60","Hnk Aaron","F Aikin","H","26","31/8/1996"
"61","Hank Ben","Fk Bateman","H","77","9/5/1945"
"62","Hk Carl","Fick Bongard","H","48","9/7/1974"
"63","Hank Jack","FHesch","H","107","30/11/1915"
"64","Hank Monte","Fck Knutson","H","83","23/9/1939"
"65","Htthew","Fck Lawless","H","116","15/4/1906"
"66","Ie Aaron","Hck Aikin","I","32","2/8/1990"
"67","Ie Hal","Hancock Ebner","I","38","4/4/1984"
"68","Ike Monte","Hancock Knutson","I","101","6/12/1921"
"69","JAaron","HAikin","J","106","23/7/1916"
"70","Jhn Carl","Hongard","J","89","26/9/1933"
"71","John Dan","Howers","J","79","12/5/1943"
"72","JEdward","Hannon","J","87","24/3/1935"
"73","J Fred","Horth Cast","J","114","21/8/1908"
"74","J Frank","Hrth Deitz","J","78","29/3/1944"
"75","John Jack","Hrth Hesch","J","90","22/5/1932"
"76","John Joe","HHoffman","J","67","7/4/1955"
"77","J Larry","Hh Kassing","J","111","26/5/1911"
"78","JMatthew","Horth Lawless","J","104","8/7/1918"
"79","Jk Ike","Hch Hancock","J","65","4/6/1957"
"80","Jck Jack","Hesch Hesch","J","95","6/9/1927"
"81","Jack Joe","Hh Hoffman","J","22","29/3/2000"
"82","Jack Monte","HKnutson","J","79","12/10/1943"
"83","Je Aaron","Hn Aikin","J","28","16/12/1994"
"84","Je John","Hworth","J","119","25/11/1903"
"85","Je Jack","Hfman Hesch","J","30","1/7/1992"
"86","Lry Aaron","King Aikin","L","79","20/10/1943"
"87","Ly Ben","Kssing Bateman","L","56","16/2/1966"
"88","Lry Dan","Kowers","L","118","29/3/1904"
"89","L Fred","Ksing Cast","L","108","6/7/1914"
"90","Lrry Frank","Kssing Deitz","L","107","2/1/1915"
"91","Larry George","Kssing Dewalt","L","26","19/3/1996"
"92","Lry Hal","KEbner","L","80","14/6/1942"
"93","Larry Ike","King Hancock","L","60","1/7/1962"
"94","Lry Larry","Kg Kassing","L","18","28/6/2004"
"95","Lrry Monte","Knutson","L","121","27/3/1901"
"96","LMatthew","Kssing Lawless","L","36","1/10/1986"
"97","Mte Carl","Kn Bongard","M","67","9/2/1955"
"98","Me David","Kutson Boyd","M","48","31/3/1974"
"99","MGeorge","Kutson Dewalt","M","94","2/11/1928"
"100","Aam Frank","Aon Deitz","A","40","21/11/1982"
"101","Aeorge","Aon Dewalt","A","114","8/11/1908"
"102","Aam John","Arson Haworth","A","119","23/3/1903"
"103","A Matthew","Aon Lawless","A","84","23/10/1938"
"104","Alex Ben","ABateman","A","47","22/3/1975"
"105","Ax Carl","ABongard","A","66","30/8/1956"
"106","Ax Hal","Awoon Ebner","A","69","4/11/1953"
"107","Alex Hank","Aoon Frick","A","55","10/1/1967"
"108","An Aaron","Akin Aikin","A","103","12/10/1919"
"109","Aron David","An Boyd","A","15","2/11/2007"
"110","Aaron Ike","Aancock","A","15","9/11/2007"
"111","Bn Ben","Ban Bateman","B","116","5/1/1906"
"112","Ben Frank","B Deitz","B","67","20/9/1955"
"113","Bn Joe","Beman Hoffman","B","66","30/8/1956"
"114","Bn Larry","B Kassing","B","85","12/11/1937"
"115","Ben Monte","B Knutson","B","80","18/8/1942"
"116","Crl Frank","BDeitz","C","113","12/9/1909"
"117","Carl Joe","Boffman","C","24","12/9/1998"
"118","Ddward","Bers Cannon","D","17","4/2/2005"
"119","D John","Bs Haworth","D","29","1/3/1993"
"120","David Alex","Bshwoon","D","89","4/7/1933"
"121","Dd David","Byd Boyd","D","91","31/10/1931"
"122","David Hal","Byd Ebner","D","81","10/4/1941"
"123","Dtthew","Bawless","D","96","9/3/1926"
"124","Eward Alex","Con Ashwoon","E","101","2/8/1921"
"125","Ed Carl","Cn Bongard","E","79","12/7/1943"
"126","Ed Hank","CFrick","E","121","7/2/1901"
"127","Erd Jack","Cn Hesch","E","85","4/12/1937"
"128","Etthew","Con Lawless","E","96","25/3/1926"
"129","Fed David","Ct Boyd","F","87","15/4/1935"
"130","Fed Fred","Cst Cast","F","41","8/2/1981"
"131","F Monte","Cast Knutson","F","107","11/3/1915"
"132","Frank Ben","DBateman","F","29","13/9/1993"
"133","Fk David","Dz Boyd","F","115","5/5/1907"
"134","Fank Monte","Dz Knutson","F","56","10/3/1966"
"135","Ge Ben","Dt Bateman","G","109","18/7/1913"
"136","Ge Edward","Dalt Cannon","G","119","30/8/1903"
"137","GGeorge","Dwalt Dewalt","G","21","24/2/2001"
"138","Hl Alex","Eer Ashwoon","H","75","23/10/1947"
"139","Hal Hal","Ebner Ebner","H","119","13/8/1903"
"140","Hatthew","ELawless","H","103","18/6/1919"
"141","Hk Ben","Fck Bateman","H","110","16/5/1912"
"142","Hnk David","Fk Boyd","H","69","20/4/1953"
"143","Hnk Edward","Fannon","H","53","9/4/1969"
"144","H George","Fick Dewalt","H","83","31/1/1939"
"145","Hank Hal","F Ebner","H","93","29/1/1929"
"146","Hank Larry","Frick Kassing","H","113","18/6/1909"
"147","Ie Ben","Hock Bateman","I","14","10/1/2008"
"148","Ike Dan","Hk Bowers","I","53","3/10/1969"
"149","Ike Edward","HCannon","I","89","4/12/1933"
"150","Ie George","Hcock Dewalt","I","13","23/2/2009"
"151","Ike Joe","Hcock Hoffman","I","37","15/12/1985"
"152","J Edward","Hth Cannon","J","60","9/8/1962"
"153","John Ike","Haworth Hancock","J","57","9/3/1965"
"154","J Jack","Hh Hesch","J","101","19/5/1921"
"155","Jhn Matthew","Hwless","J","100","21/1/1922"
"156","Jck Edward","Hch Cannon","J","16","10/7/2006"
"157","J John","Hh Haworth","J","67","6/7/1955"
"158","Jk Jack","Hch Hesch","J","89","18/10/1933"
"159","Jk Larry","Hassing","J","46","15/6/1976"
"160","Joe Dan","Hn Bowers","J","43","21/9/1979"
"161","Joe Hal","Hfman Ebner","J","33","23/10/1989"
"162","Joe Hank","Han Frick","J","25","11/12/1997"
"163","Joe Monte","Han Knutson","J","54","10/8/1968"
"164","Larry Ben","Kg Bateman","L","56","13/8/1966"
"165","Lrry Carl","Kassing Bongard","L","45","28/7/1977"
"166","Lry David","Kng Boyd","L","26","21/2/1996"
"167","Lrry Fred","Kassing Cast","L","15","27/4/2007"
"168","Lry Joe","Ksing Hoffman","L","113","10/10/1909"
"169","Larry Larry","KKassing","L","103","13/2/1919"
"170","Ltthew","Kg Lawless","L","74","20/7/1948"
"171","Adam Alex","Aon Ashwoon","A","34","9/11/1988"
"172","Adam Dan","Aon Bowers","A","96","2/1/1926"
"173","Adam Frank","Ason Deitz","A","99","24/2/1923"
"174","A Hank","An Frick","A","112","29/8/1910"
"175","Am Monte","An Knutson","A","106","15/6/1916"
"176","Alex Edward","Ashwoon Cannon","A","53","21/12/1969"
"177","AFrank","A Deitz","A","22","26/8/2000"
"178","Aex Larry","Aon Kassing","A","108","25/5/1914"
"179","A Alex","Ashwoon","A","103","22/3/1919"
"180","Aron Frank","Akin Deitz","A","51","1/5/1971"
"181","A Jack","A Hesch","A","104","12/3/1918"
"182","Aon Monte","Autson","A","113","11/10/1909"
"183","B Aaron","B Aikin","B","84","4/3/1938"
"184","Bn Ike","BHancock","B","28","11/1/1994"
"185","B Jack","B Hesch","B","19","29/10/2003"
"186","BLarry","Bateman Kassing","B","73","22/9/1949"
"187","Cl Ben","Bard Bateman","C","80","8/7/1942"
"188","Crl Carl","Bngard","C","81","18/8/1941"
"189","CEdward","Bgard Cannon","C","72","20/11/1950"
"190","Cl Larry","BKassing","C","49","20/7/1973"
"191","Cl Monte","Bgard Knutson","C","83","2/5/1939"
"192","Crl Matthew","Bd Lawless","C","80","1/2/1942"
"193","Dan Alex","Bs Ashwoon","D","41","19/6/1981"
"194","D Fred","Brs Cast","D","20","21/1/2002"
"195","Dan Jack","Bowers Hesch","D","48","12/6/1974"
"196","Dvid Ben","BBateman","D","77","14/9/1945"
"197","Dd Hank","Byd Frick","D","45","15/7/1977"
"198","Dd John","Bd Haworth","D","55","18/9/1967"
"199","David Jack","Boyd Hesch","D","59","20/4/1963"
"200","Dvid Joe","Boyd Hoffman","D","42","3/6/1980"
"201","D Monte","Boyd Knutson","D","117","18/7/1905"
"202","Erd Ben","Cnon Bateman","E","72","1/3/1950"
"203","Ed Dan","CBowers","E","88","21/7/1934"
"204","Eward David","Cnnon Boyd","E","51","30/1/1971"
"205","E Fred","Cnon Cast","E","97","26/2/1925"
"206","Eard Hank","Cn Frick","E","25","2/12/1997"
"207","Eward John","Cworth","E","76","19/10/1946"
"208","Edward Larry","Cannon Kassing","E","58","28/5/1964"
"209","Fd Aaron","CAikin","F","69","25/9/1953"
"210","Fred Carl","Congard","F","61","1/4/1961"
"211","Fed Hank","Cst Frick","F","75","18/11/1947"
"212","Fed John","Caworth","F","74","29/9/1948"
"213","Fnk Alex","Deitz Ashwoon","F","42","12/9/1980"
"214","Fnk Hal","Ditz Ebner","F","17","30/4/2005"
"215","Fank Joe","Ditz Hoffman","F","105","21/7/1917"
"216","Fnk Monte","Dutson","F","28","6/9/1994"
"217","Gge Edward","D Cannon","G","26","10/8/1996"
"218","Gge Fred","Dt Cast","G","50","25/12/1972"
"219","Grge George","Dt Dewalt","G","121","13/8/1901"
"220","Gorge Hank","Dlt Frick","G","100","25/6/1922"
"221","Gge Ike","Dwalt Hancock","G","28","20/6/1994"
"222","George Monte","Dwalt Knutson","G","109","31/8/1913"
"223","Hl Dan","EBowers","H","81","4/1/1941"
"224","H Edward","Er Cannon","H","21","19/8/2001"
"225","Heorge","E Dewalt","H","37","21/9/1985"
"226","Hl John","Eworth","H","70","4/6/1952"
"227","Hal Jack","EHesch","H","67","21/10/1955"
"228","HMatthew","E Lawless","H","110","27/8/1912"
"229","Hnk Alex","Fck Ashwoon","H","71","18/1/1951"
"230","Hnk Monte","FKnutson","H","122","9/3/1900"
"231","Ie Frank","Hk Deitz","I","81","2/1/1941"
"232","Ieorge","Hk Dewalt","I","33","9/1/1989"
"233","Ike Hank","HFrick","I","53","3/12/1969"
"234","Ike Jack","Hock Hesch","I","118","21/11/1904"
"235","Ie Joe","H Hoffman","I","14","4/7/2008"
"236","John Alex","Horth Ashwoon","J","24","14/8/1998"
"237","Jn Aaron","Hworth Aikin","J","62","20/3/1960"
"238","Jhn Dan","Haworth Bowers","J","24","18/12/1998"
"239","John Fred","Haworth Cast","J","14","23/2/2008"
"240","JFrank","Hth Deitz","J","110","18/12/1912"
"241","Jn Ike","Hworth Hancock","J","94","9/4/1928"
"242","J Monte","Haworth Knutson","J","108","5/2/1914"
"243","Jn Matthew","Hawless","J","31","26/10/1991"
"244","J David","H Boyd","J","104","29/11/1918"
"245","J George","H Dewalt","J","31","10/1/1991"
"246","Jk Hank","H Frick","J","35","9/2/1987"
"247","JMonte","Hnutson","J","77","13/11/1945"
"248","Je Ben","Hteman","J","13","13/2/2009"
"249","J Carl","Hoffman Bongard","J","30","22/8/1992"
"250","Jeorge","HDewalt","J","39","16/6/1983"
"251","Joe Larry","Hn Kassing","J","40","21/3/1982"
"252","Lrry Ben","K Bateman","L","38","27/1/1984"
"253","Larry Carl","Kng Bongard","L","59","4/7/1963"
"254","Lrry Dan","King Bowers","L","20","24/3/2002"
"255","Lry Edward","King Cannon","L","106","29/10/1916"
"256","Lry Frank","Kassing Deitz","L","105","25/9/1917"
"257","Leorge","Kassing Dewalt","L","84","12/3/1938"
"258","Lrry Hal","King Ebner","L","94","12/12/1928"
"259","Ly Larry","Kssing","L","48","13/7/1974"
"260","M Alex","Kson Ashwoon","M","58","5/7/1964"
"261","Mnte Ben","Kn Bateman","M","25","17/2/1997"
"262","Mnte Frank","Ktson Deitz","M","95","18/2/1927"
"263","Me George","Kewalt","M","120","5/6/1902"
"264","MLarry","Kutson Kassing","M","49","20/8/1973"
"265","Adward","Arson Cannon","A","75","9/11/1947"
"266","Aam Ike","Ancock","A","116","30/5/1906"
"267","Am Larry","Assing","A","103","5/4/1919"
"268","Aam Monte","Arson Knutson","A","38","31/10/1984"
"269","Aex Alex","Ahwoon","A","27","5/5/1995"
"270","Alex Dan","A Bowers","A","61","10/3/1961"
"271","Aaron Aaron","AAikin","A","29","15/7/1993"
"272","AEdward","Akin Cannon","A","90","18/11/1932"
"273","Aaron Hal","Ain Ebner","A","100","6/11/1922"
"274","Aaron Jack","An Hesch","A","101","16/10/1921"
"275","Aon Joe","Aoffman","A","37","6/10/1985"
"276","Bn Fred","Ban Cast","B","50","30/6/1972"
"277","Ben Hal","Bateman Ebner","B","51","25/7/1971"
"278","Crl Dan","Bowers","C","113","27/1/1909"
"279","Crl Edward","Bd Cannon","C","15","6/6/2007"
"280","Catthew","Bwless","C","51","16/10/1971"
"281","Dn Aaron","Bs Aikin","D","97","30/7/1925"
"282","Dan Fred","Bs Cast","D","110","25/1/1912"
"283","DGeorge","BDewalt","D","64","12/2/1958"
"284","DLarry","Brs Kassing","D","107","20/8/1915"
"285","Dvid Dan","BBowers","D","115","17/2/1907"
"286","Dd George","Bewalt","D","16","29/9/2006"
"287","Dvid Hank","BFrick","D","39","8/1/1983"
"288","Did Ike","Bd Hancock","D","60","15/9/1962"
"289","Dd Monte","BKnutson","D","54","26/11/1968"
"290","EMatthew","Cannon Lawless","E","104","2/9/1918"
"291","F David","C Boyd","F","49","22/5/1973"
"292","Fd Frank","Cst Deitz","F","17","7/2/2005"
"293","Fnk Ben","Dz Bateman","F","20","22/10/2002"
"294","F Carl","Dongard","F","24","14/2/1998"
"295","Frank Fred","D Cast","F","36","11/11/1986"
"296","Grge Frank","Dewalt Deitz","G","55","23/11/1967"
"297","Ge Jack","Dwalt Hesch","G","76","18/11/1946"
"298","Gge Larry","Dlt Kassing","G","79","9/10/1943"
"299","Ge Matthew","Dt Lawless","G","18","3/7/2004"
"300","H David","Eer Boyd","H","105","10/12/1917"
"301","Hal Ike","Ener Hancock","H","57","15/9/1965"
"302","Hk Fred","Fk Cast","H","103","27/4/1919"
"303","Hnk Hank","Fck Frick","H","86","16/9/1936"
"304","Hk John","Fworth","H","45","17/11/1977"
"305","I Carl","Hngard","I","18","24/8/2004"
"306","John Frank","Haworth Deitz","J","21","21/2/2001"
"307","Jhn George","Haworth Dewalt","J","43","3/5/1979"
"308","Jn John","Horth Haworth","J","38","27/4/1984"
"309","Jhn Jack","Haworth Hesch","J","17","29/6/2005"
"310","Jk Alex","H Ashwoon","J","17","2/2/2005"
"311","Jck Ben","H Bateman","J","76","25/4/1946"
"312","Je Fred","Hffman Cast","J","103","20/8/1919"
"313","Lry Alex","K Ashwoon","L","56","9/5/1966"
"314","Ly George","K Dewalt","L","88","16/2/1934"
"315","L Hank","Kg Frick","L","37","12/12/1985"
"316","Ly Ike","Kng Hancock","L","27","7/12/1995"
"317","Ly John","Kassing Haworth","L","99","10/10/1923"
"318","L Jack","Kg Hesch","L","12","17/1/2010"
"319","LLarry","Kng Kassing","L","107","28/11/1915"
"320","Larry Matthew","Kwless","L","45","25/1/1977"
"321","Monte Ben","Kson Bateman","M","75","24/9/1947"
"322","Me Fred","Kutson Cast","M","62","30/7/1960"
"323","Monte Ike","Kancock","M","48","22/9/1974"
"324","Ax Aaron","Aoon Aikin","A","94","18/4/1928"
"325","Ax Fred","Ashwoon Cast","A","105","6/5/1917"
"326","Alex Ike","A Hancock","A","91","27/8/1931"
"327","Ax Joe","AHoffman","A","121","13/2/1901"
"328","Aaron Ben","Aateman","A","77","23/3/1945"
"329","A Frank","Ain Deitz","A","63","23/12/1959"
"330","Bn Alex","B Ashwoon","B","29","9/3/1993"
"331","BDavid","Bteman Boyd","B","42","17/1/1980"
"332","B Hank","Bateman Frick","B","15","22/1/2007"
"333","C Aaron","Bard Aikin","C","20","14/11/2002"
"334","Crl Hal","B Ebner","C","106","31/12/1916"
"335","Dan Ben","Bateman","D","102","17/2/1920"
"336","Dan Carl","B Bongard","D","58","26/1/1964"
"337","Dan Dan","Bers Bowers","D","74","23/5/1948"
"338","Dn David","Bers Boyd","D","95","31/7/1927"
"339","Dan George","Bs Dewalt","D","73","7/4/1949"
"340","Dan Matthew","Bs Lawless","D","112","10/5/1910"
"341","David Ben","Bteman","D","29","8/3/1993"
"342","David David","Bd Boyd","D","37","5/10/1985"
"343","Dvid Frank","Boyd Deitz","D","22","21/7/2000"
"344","Dvid Hal","Bd Ebner","D","88","27/12/1934"
"345","Did Monte","Bnutson","D","18","13/3/2004"
"346","Eward Frank","Con Deitz","E","91","17/6/1931"
"347","Erd George","CDewalt","E","119","15/4/1903"
"348","Ed Hal","Con Ebner","E","37","26/10/1985"
"349","Edward Ike","C Hancock","E","26","25/9/1996"
"350","Edward Jack","CHesch","E","92","13/3/1930"
"351","Ed Monte","Con Knutson","E","64","17/4/1958"
"352","Fd Alex","C Ashwoon","F","53","26/12/1969"
"353","Fred Frank","Cast Deitz","F","113","25/9/1909"
"354","Fd Hal","Cast Ebner","F","69","23/4/1953"
"355","FLarry","Cst Kassing","F","53","31/7/1969"
"356","Fred Monte","CKnutson","F","65","28/6/1957"
"357","F Hank","Deitz Frick","F","114","27/7/1908"
"358","Fk Ike","Dancock","F","80","8/9/1942"
"359","Gge Alex","Dewalt Ashwoon","G","88","19/12/1934"
"360","George Edward","DCannon","G","104","24/1/1918"
"361","Gorge Hal","DEbner","G","58","2/9/1964"
"362","Grge Monte","Dt Knutson","G","121","27/9/1901"
"363","H Fred","Er Cast","H","82","19/2/1940"
"364","Hk Hank","Fick Frick","H","46","25/9/1976"
"365","Hk Ike","Fancock","H","69","20/11/1953"
"366","Hank Joe","Fffman","H","90","11/7/1932"
"367","Hnk Larry","Fssing","H","60","20/11/1962"
"368","Ike Aaron","H Aikin","I","78","18/9/1944"
"369","Ie Edward","Hk Cannon","I","119","19/11/1903"
"370","I George","Hock Dewalt","I","50","26/12/1972"
"371","Jn Ben","Hh Bateman","J","50","6/1/1972"
"372","Jhn Edward","Hrth Cannon","J","111","12/4/1911"
"373","Jk Carl","Hh Bongard","J","78","15/4/1944"
"374","Jck David","Hh Boyd","J","64","19/10/1958"
"375","Jack Hal","Hesch Ebner","J","36","10/2/1986"
"376","Jack Hank","Hsch Frick","J","41","20/6/1981"
"377","Joe David","Han Boyd","J","58","6/9/1964"
"378","Joe John","HHaworth","J","33","21/6/1989"
"379","Lrry Aaron","Ksing Aikin","L","59","17/12/1963"
"380","Larry Dan","Kg Bowers","L","112","12/8/1910"
"381","Larry David","Kssing Boyd","L","38","28/11/1984"
"382","Larry Hal","Kng Ebner","L","43","23/4/1979"
"383","Mte George","Kn Dewalt","M","80","6/11/1942"
"384","Mnte Hal","Kn Ebner","M","113","12/4/1909"
"385","Monte John","Kworth","M","16","29/3/2006"
"386","Me Joe","Knutson Hoffman","M","39","16/10/1983"
"387","Aam Matthew","Ason Lawless","A","88","21/6/1934"
"388","Ax Larry","An Kassing","A","64","3/9/1958"
"389","ALarry","Akin Kassing","A","64","11/3/1958"
"390","AMatthew","An Lawless","A","80","12/9/1942"
"391","B David","Bman Boyd","B","22","21/9/2000"
"392","BFrank","Bn Deitz","B","17","25/5/2005"
"393","Ben Hank","Beman Frick","B","119","17/6/1903"
"394","Carl Carl","Bard Bongard","C","116","18/4/1906"
"395","C Hank","Bard Frick","C","93","10/6/1929"
"396","Cl John","Bard Haworth","C","111","15/12/1911"
"397","CLarry","Bongard Kassing","C","35","5/3/1987"
"398","Dn Alex","Bers Ashwoon","D","85","27/1/1937"
"399","Deorge","Boyd Dewalt","D","65","14/2/1957"
"400","Dvid Ike","Boyd Hancock","D","36","23/1/1986"
"401","Edward Edward","Cannon","E","85","15/7/1937"
"402","Eward George","Cannon Dewalt","E","57","27/7/1965"
"403","Erd Ike","Con Hancock","E","37","14/4/1985"
"404","Eard John","C Haworth","E","14","11/11/2008"
"405","Fd Fred","C Cast","F","114","12/3/1908"
"406","Fnk Aaron","DAikin","F","16","6/11/2006"
"407","Fank Ben","Dateman","F","42","5/9/1980"
"408","Fnk Carl","Dtz Bongard","F","35","5/1/1987"
"409","Fank David","Dtz Boyd","F","80","19/12/1942"
"410","Feorge","Deitz Dewalt","F","109","30/1/1913"
"411","G David","Dlt Boyd","G","76","24/6/1946"
"412","George Jack","DHesch","G","114","4/6/1908"
"413","Hl Ike","Er Hancock","H","22","19/1/2000"
"414","Hk Joe","Frick Hoffman","H","83","13/2/1939"
"415","Ike Ben","Hancock Bateman","I","15","20/8/2007"
"416","Ie Carl","Hancock Bongard","I","87","21/7/1935"
"417","Ie Hank","Hck Frick","I","68","10/11/1954"
"418","Jatthew","Hrth Lawless","J","105","10/11/1917"
"419","Jk Dan","H Bowers","J","42","18/10/1980"
"420","JLarry","H Kassing","J","110","13/7/1912"
"421","Joe Frank","Hfman Deitz","J","32","23/1/1990"
"422","M Carl","Kutson Bongard","M","92","1/8/1930"
"423","Monte Frank","Knutson Deitz","M","106","2/11/1916"
"424","M Hank","K Frick","M","62","10/11/1960"
"425","Me Ike","Kncock","M","99","6/12/1923"
"426","M Jack","Kon Hesch","M","73","15/4/1949"
"427","Mnte Monte","Ktson Knutson","M","90","9/6/1932"
"428","Aam George","ADewalt","A","108","8/4/1914"
"429","Am John","A Haworth","A","58","24/7/1964"
"430","A Fred","Aoon Cast","A","73","28/5/1949"
"431","Alex Hal","A Ebner","A","70","9/4/1952"
"432","Ax Ike","Aoon Hancock","A","91","9/4/1931"
"433","A John","Awoon Haworth","A","15","3/2/2007"
"434","Aon Aaron","A Aikin","A","38","1/2/1984"
"435","Aron Ben","A Bateman","A","16","24/1/2006"
"436","An Dan","Akin Bowers","A","12","4/10/2010"
"437","An Edward","Aannon","A","37","14/7/1985"
"438","AGeorge","An Dewalt","A","80","26/10/1942"
"439","BAaron","Beman Aikin","B","66","3/12/1956"
"440","B Carl","BBongard","B","43","20/8/1979"
"441","Bn Edward","Ban Cannon","B","104","22/2/1918"
"442","Bn George","B Dewalt","B","102","11/8/1920"
"443","Bn Hal","Bteman Ebner","B","63","30/10/1959"
"444","Batthew","Bman Lawless","B","52","21/7/1970"
"445","Crl Aaron","Bngard Aikin","C","81","8/10/1941"
"446","C David","Brd Boyd","C","91","29/7/1931"
"447","Carl John","Bworth","C","22","9/11/2000"
"448","Crl Joe","Bard Hoffman","C","23","20/4/1999"
"449","Dan Monte","Bowers Knutson","D","15","12/1/2007"
"450","Dd Larry","Bssing","D","68","28/10/1954"
"451","Eward Jack","C Hesch","E","51","2/2/1971"
"452","Fd Ben","Cst Bateman","F","45","11/1/1977"
"453","Fd Carl","Cngard","F","42","17/12/1980"
"454","Fed Hal","CEbner","F","15","22/1/2007"
"455","Fd Jack","Cast Hesch","F","49","28/1/1973"
"456","Fd Joe","Cst Hoffman","F","95","30/11/1927"
"457","Fed Matthew","Ct Lawless","F","110","2/10/1912"
"458","Gge George","Dewalt Dewalt","G","64","3/7/1958"
"459","George Larry","Dwalt Kassing","G","28","31/12/1994"
"460","G Matthew","Dalt Lawless","G","36","2/3/1986"
"461","Hal Alex","Ebner Ashwoon","H","93","22/12/1929"
"462","Hal Dan","Ener Bowers","H","53","22/7/1969"
"463","Hl Frank","Ener Deitz","H","57","24/12/1965"
"464","Hank Carl","FBongard","H","65","19/6/1957"
"465","H Hank","FFrick","H","65","4/9/1957"
"466","Ie Dan","Hncock Bowers","I","37","9/5/1985"
"467","I John","H Haworth","I","107","29/5/1915"
"468","Jhn Hal","Hth Ebner","J","45","30/8/1977"
"469","Jk Aaron","Hch Aikin","J","110","9/5/1912"
"470","Jk David","Hsch Boyd","J","42","13/8/1980"
"471","Jck Fred","Hch Cast","J","36","23/11/1986"
"472","Joe Carl","Hman Bongard","J","41","18/5/1981"
"473","JGeorge","Hn Dewalt","J","117","6/5/1905"
"474","Je Joe","Han Hoffman","J","65","31/5/1957"
"475","Larry Fred","Kg Cast","L","28","13/1/1994"
"476","LGeorge","Kng Dewalt","L","120","23/9/1902"
"477","Larry Joe","King Hoffman","L","23","6/8/1999"
"478","Mte Ben","Kutson Bateman","M","67","20/7/1955"
"479","Mte David","Kn Boyd","M","77","27/12/1945"
"480","Mdward","Kn Cannon","M","88","12/5/1934"
"481","Monte Matthew","Kutson Lawless","M","56","23/2/1966"
"482","Adam John","Aon Haworth","A","52","12/9/1970"
"483","Atthew","A Lawless","A","79","12/6/1943"
"484","Ax Frank","Ashwoon Deitz","A","58","30/7/1964"
"485","Aex Hal","Aon Ebner","A","115","20/4/1907"
"486","Aron Aaron","Ain Aikin","A","85","5/3/1937"
"487","An John","AHaworth","A","104","22/9/1918"
"488","Aaron Larry","A Kassing","A","80","5/7/1942"
"489","Ben Alex","Bhwoon","B","64","1/9/1958"
"490","Bn John","Ban Haworth","B","41","9/5/1981"
"491","Bn Jack","Bman Hesch","B","29","27/1/1993"
"492","Ben Joe","Ban Hoffman","B","27","19/2/1995"
"493","Cl Hal","Bgard Ebner","C","33","27/1/1989"
"494","Carl Jack","Bngard Hesch","C","35","9/3/1987"
"495","D Hank","B Frick","D","36","23/12/1986"
"496","Dn John","B Haworth","D","66","2/12/1956"
"497","Dn Monte","Brs Knutson","D","51","7/4/1971"
"498","Dd Jack","BHesch","D","59","23/9/1963"
"499","Erd Edward","Cn Cannon","E","28","4/7/1994"
"500","Edward Fred","Cnnon Cast","E","73","29/12/1949"
"501","Erd John","Cnon Haworth","E","21","14/5/2001"
"502","Fed Ben","Cteman","F","38","14/10/1984"
"503","Fred Edward","Ct Cannon","F","15","10/11/2007"
"504","F Alex","Dhwoon","F","48","11/6/1974"
"505","Frank Aaron","Deitz Aikin","F","44","26/3/1978"
"506","Fnk David","Ditz Boyd","F","88","11/4/1934"
"507","F George","Dz Dewalt","F","76","7/3/1946"
"508","Fnk Hank","Dtz Frick","F","84","14/1/1938"
"509","Fk John","Dtz Haworth","F","79","20/2/1943"
"510","George Hal","Dwalt Ebner","G","65","10/7/1957"
"511","Gorge Matthew","DLawless","G","120","17/10/1902"
"512","Hdward","Ebner Cannon","H","39","7/12/1983"
"513","Hl Fred","Ener Cast","H","75","7/9/1947"
"514","Hl George","Ebner Dewalt","H","97","30/12/1925"
"515","H Alex","Frick Ashwoon","H","19","17/8/2003"
"516","Hnk Frank","F Deitz","H","29","15/8/1993"
"517","IAaron","Hcock Aikin","I","30","3/10/1992"
"518","Ike George","Hck Dewalt","I","26","13/5/1996"
"519","Ie Ike","Hancock","I","44","22/8/1978"
"520","Ie Jack","Hancock Hesch","I","12","21/12/2010"
"521","John John","Hworth Haworth","J","117","21/10/1905"
"522","Jn Jack","Hth Hesch","J","117","20/7/1905"
"523","Jn Monte","Hth Knutson","J","91","19/7/1931"
"524","Jk Frank","Hch Deitz","J","16","3/8/2006"
"525","Joe Ike","Hffman Hancock","J","28","5/2/1994"
"526","Je Larry","Hssing","J","87","8/12/1935"
"527","Larry Alex","Kssing Ashwoon","L","57","13/1/1965"
"528","Lrry David","Kassing Boyd","L","25","22/7/1997"
"529","Ly Joe","KHoffman","L","26","5/3/1996"
"530","Ly Monte","K Knutson","L","75","12/1/1947"
"531","Lry Matthew","King Lawless","L","110","12/6/1912"
"532","Me Aaron","Kon Aikin","M","122","16/3/1900"
"533","Mte Dan","Ktson Bowers","M","69","1/2/1953"
"534","Mte Fred","Kn Cast","M","24","11/9/1998"
"535","Monte Hal","Kutson Ebner","M","21","21/8/2001"
"536","Mnte John","KHaworth","M","20","6/3/2002"
"537","Alex Alex","AAshwoon","A","30","1/12/1992"
"538","Alex Monte","Anutson","A","99","9/6/1923"
"539","Aron Carl","An Bongard","A","103","15/11/1919"
"540","A George","Aewalt","A","110","7/8/1912"
"541","B John","Bateman Haworth","B","15","31/7/2007"
"542","Carl Aaron","Brd Aikin","C","75","19/7/1947"
"543","Cl Ike","Bngard Hancock","C","73","27/5/1949"
"544","C John","Bngard Haworth","C","39","21/10/1983"
"545","David Ike","Byd Hancock","D","35","4/1/1987"
"546","Dvid Matthew","B Lawless","D","90","20/5/1932"
"547","Edward Hank","Cnnon Frick","E","35","27/2/1987"
"548","Fred Ben","Cateman","F","36","29/3/1986"
"549","Fank Dan","Dowers","F","76","6/9/1946"
"550","Hal Ben","E Bateman","H","118","8/11/1904"
"551","Hal Edward","ECannon","H","57","20/5/1965"
"552","Hal Hank","Er Frick","H","85","19/12/1937"
"553","Hl Joe","Ener Hoffman","H","120","12/2/1902"
"554","Hank Alex","Fshwoon","H","61","17/5/1961"
"555","Hnk Dan","Fick Bowers","H","77","5/8/1945"
"556","Hank George","FDewalt","H","73","15/1/1949"
"557","Ike Alex","Hancock Ashwoon","I","52","22/9/1970"
"558","John Aaron","Hth Aikin","J","118","7/11/1904"
"559","Jn Hal","Horth Ebner","J","75","17/4/1947"
"560","Jn Hank","Horth Frick","J","66","21/7/1956"
"561","Jtthew","Hoffman Lawless","J","95","17/5/1927"
"562","Mte Alex","Ktson Ashwoon","M","120","17/6/1902"
"563","Am Aaron","Aon Aikin","A","106","13/9/1916"
"564","Am Ben","Ason Bateman","A","120","25/6/1902"
"565","Adam David","Ason Boyd","A","58","22/9/1964"
"566","Am Edward","A Cannon","A","114","5/6/1908"
"567","Aam Joe","An Hoffman","A","43","2/4/1979"
"568","ADavid","Ain Boyd","A","69","8/4/1953"
"569","CFrank","Bngard Deitz","C","81","4/3/1941"
"570","CGeorge","Bgard Dewalt","C","72","20/2/1950"
"571","Carl Monte","Brd Knutson","C","78","15/3/1944"
"572","Dan Hal","Brs Ebner","D","62","14/9/1960"
"573","Edward Ben","Con Bateman","E","13","12/12/2009"
"574","Eard Larry","Cnon Kassing","E","103","1/3/1919"
"575","Fed Alex","Cshwoon","F","48","5/8/1974"
"576","Fd Hank","C Frick","F","17","18/5/2005"
"577","Fk Aaron","D Aikin","F","105","29/5/1917"
"578","Fk Ben","Dtz Bateman","F","29","9/10/1993"
"579","Fk Carl","DBongard","F","27","4/4/1995"
"580","Fk Hank","D Frick","F","97","27/4/1925"
"581","Fank Ike","Deitz Hancock","F","57","22/12/1965"
"582","George Joe","Dt Hoffman","G","61","30/10/1961"
"583","Gorge Larry","Dewalt Kassing","G","80","12/8/1942"
"584","Hl Matthew","Ewless","H","45","20/9/1977"
"585","Hank Ike","Fncock","H","29","22/3/1993"
"586","I Alex","HAshwoon","I","49","31/8/1973"
"587","Ie John","Hncock Haworth","I","70","14/11/1952"
"588","Jn Dan","HBowers","J","16","20/9/2006"
"589","Jhn Frank","H Deitz","J","87","4/1/1935"
"590","Jhn Joe","Hth Hoffman","J","68","18/6/1954"
"591","Jk Monte","Hesch Knutson","J","100","16/2/1922"
"592","Je Alex","Hffman Ashwoon","J","64","12/7/1958"
"593","J Aaron","Han Aikin","J","104","5/4/1918"
"594","Joe Ben","Hn Bateman","J","41","26/10/1981"
"595","Ly Alex","Kg Ashwoon","L","74","3/6/1948"
"596","L Frank","K Deitz","L","65","22/5/1957"
"597","Me Edward","KCannon","M","55","20/4/1967"
"598","Mnte Fred","K Cast","M","24","5/4/1998"
"599","Mte Hank","KFrick","M","102","5/3/1920"
"600","Mte Ike","Kson Hancock","M","44","5/10/1978"
"601","Alex Joe","Affman","A","110","2/2/1912"
"602","Aex Monte","Aon Knutson","A","28","20/3/1994"
"603","Aon Dan","Aikin Bowers","A","86","19/6/1936"
"604","B Matthew","Beman Lawless","B","63","28/6/1959"
"605","Dan John","Bowers Haworth","D","60","26/5/1962"
"606","Eeorge","Cnon Dewalt","E","43","2/5/1979"
"607","Erd Hal","Cn Ebner","E","114","10/4/1908"
"608","Erd Hank","Cnon Frick","E","45","30/1/1977"
"609","Eward Larry","CKassing","E","36","13/6/1986"
"610","Fed Carl","CBongard","F","24","21/5/1998"
"611","Fd Dan","Cowers","F","34","20/6/1988"
"612","F Edward","C Cannon","F","65","22/10/1957"
"613","Fed George","Cast Dewalt","F","117","9/1/1905"
"614","Fred Ike","Ct Hancock","F","26","20/4/1996"
"615","F Jack","Ct Hesch","F","50","10/5/1972"
"616","FFrank","Deitz Deitz","F","35","21/10/1987"
"617","Gge Dan","Dwalt Bowers","G","92","20/7/1930"
"618","Grge Joe","DHoffman","G","96","28/7/1926"
"619","H Aaron","EAikin","H","98","30/6/1924"
"620","Hal Carl","Eer Bongard","H","113","23/7/1909"
"621","IDavid","Hock Boyd","I","13","3/5/2009"
"622","I Larry","Hancock Kassing","I","32","9/5/1990"
"623","Jn Alex","Hworth Ashwoon","J","73","30/7/1949"
"624","Jhn Ben","Hworth Bateman","J","72","28/7/1950"
"625","Jck Frank","Hh Deitz","J","66","19/3/1956"
"626","Jck Matthew","H Lawless","J","98","20/1/1924"
"627","J Hank","Hman Frick","J","103","5/11/1919"
"628","J Matthew","Hman Lawless","J","39","13/10/1983"
"629","Larry Edward","Kng Cannon","L","23","11/3/1999"
"630","Lry Jack","KHesch","L","18","26/9/2004"
"631","Lrry Larry","Kassing Kassing","L","30","14/6/1992"
"632","Larry Monte","Kssing Knutson","L","107","18/9/1915"
"633","Meorge","Kon Dewalt","M","47","23/5/1975"
"634","Aam Fred","Arson Cast","A","56","13/4/1966"
"635","Adam Larry","Ason Kassing","A","106","3/2/1916"
"636","A Monte","Ason Knutson","A","118","23/11/1904"
"637","Aatthew","Arson Lawless","A","79","25/3/1943"
"638","Aon David","Akin Boyd","A","51","7/7/1971"
"639","An Fred","Ain Cast","A","73","3/2/1949"
"640","An Frank","An Deitz","A","115","10/8/1907"
"641","CMonte","Bard Knutson","C","54","10/10/1968"
"642","Dvid Aaron","Bd Aikin","D","23","16/7/1999"
"643","Edward David","Cannon Boyd","E","60","10/6/1962"
"644","Edward","Cannon Cannon","E","41","23/2/1981"
"645","Eard Monte","Cannon Knutson","E","15","3/9/2007"
"646","Fank Alex","Ditz Ashwoon","F","115","27/11/1907"
"647","FEdward","Deitz Cannon","F","92","6/3/1930"
"648","Ftthew","Ditz Lawless","F","96","23/5/1926"
"649","Hl Hal","E Ebner","H","84","29/6/1938"
"650","Hl Jack","Eer Hesch","H","27","31/12/1995"
"651","Hk David","F Boyd","H","98","15/3/1924"
"652","Hk Frank","Fick Deitz","H","73","11/3/1949"
"653","Hk Larry","Fassing","H","113","5/4/1909"
"654","Idward","H Cannon","I","114","21/10/1908"
"655","Ie Fred","Hock Cast","I","107","11/12/1915"
"656","I Jack","Hck Hesch","I","12","18/3/2010"
"657","Itthew","Hock Lawless","I","104","11/3/1918"
"658","Jack Aaron","Hsch Aikin","J","105","29/9/1917"
"659","Jack Carl","H Bongard","J","65","6/2/1957"
"660","Jk Edward","Hesch Cannon","J","80","6/2/1942"
"661","Joe Fred","H Cast","J","60","17/1/1962"
"662","Ly Carl","KBongard","L","87","8/11/1935"
"663","M Monte","Kutson Knutson","M","116","2/4/1906"
"664","Matthew","Knutson Lawless","M","64","30/3/1958"
"665","Aam Hank","Anderson Frick","A","47","2/11/1975"
"666","Aex Aaron","Awoon Aikin","A","103","7/3/1919"
"667","Ax Monte","A Knutson","A","61","8/10/1961"
"668","Ax Matthew","Awless","A","29","15/10/1993"
"669","An Alex","Akin Ashwoon","A","80","7/1/1942"
"670","Aon Hank","A Frick","A","99","6/4/1923"
"671","Cl Alex","Brd Ashwoon","C","101","4/11/1921"
"672","Carl Dan","Bd Bowers","C","119","12/8/1903"
"673","D Frank","Bers Deitz","D","45","26/8/1977"
"674","Did John","BHaworth","D","85","25/3/1937"
"675","Did Joe","Bd Hoffman","D","79","9/6/1943"
"676","Eward Joe","Cannon Hoffman","E","15","3/9/2007"
"677","E Monte","C Knutson","E","52","22/5/1970"
"678","Fred Aaron","Cst Aikin","F","39","20/8/1983"
"679","Fk Alex","DAshwoon","F","120","16/3/1902"
"680","Fank Aaron","Dz Aikin","F","103","13/1/1919"
"681","Fk Fred","Dz Cast","F","52","22/4/1970"
"682","Fk Frank","Dtz Deitz","F","121","21/4/1901"
"683","Grge Carl","Dngard","G","88","24/5/1934"
"684","G Edward","Dlt Cannon","G","16","13/6/2006"
"685","Gge Hal","Dalt Ebner","G","39","23/7/1983"
"686","Grge Matthew","Dewalt Lawless","G","36","7/4/1986"
"687","Hal David","Ebner Boyd","H","20","12/9/2002"
"688","H Monte","Enutson","H","84","9/11/1938"
"689","Hk Edward","F Cannon","H","109","22/12/1913"
"690","Hnk John","F Haworth","H","29","22/2/1993"
"691","HMonte","Fick Knutson","H","28","22/9/1994"
"692","IGeorge","Hancock Dewalt","I","47","11/6/1975"
"693","Ie Larry","Hk Kassing","I","65","3/7/1957"
"694","John David","Hworth Boyd","J","24","6/11/1998"
"695","Jn Fred","Hworth Cast","J","117","2/11/1905"
"696","John Hank","Hth Frick","J","19","5/7/2003"
"697","Jck Carl","Hesch Bongard","J","105","10/7/1917"
"698","Jack Edward","Hh Cannon","J","25","5/12/1997"
"699","Je Hank","Hn Frick","J","70","16/9/1952"
"700","Je Monte","Hoffman Knutson","J","88","1/12/1934"
"701","LFrank","KDeitz","L","52","21/4/1970"
"702","Lrry John","Kaworth","L","112","20/9/1910"
"703","Lrry Joe","Kffman","L","87","11/9/1935"
"704","Mte Aaron","Knutson Aikin","M","56","29/3/1966"
"705","Monte Dan","Kon Bowers","M","95","21/3/1927"
"706","Monte Edward","Kon Cannon","M","51","7/1/1971"
"707","Mtthew","Kon Lawless","M","26","5/4/1996"
"708","Aex Carl","Aoon Bongard","A","38","17/1/1984"
"709","Alex Larry","Ashwoon Kassing","A","50","23/7/1972"
"710","Bn Matthew","Bn Lawless","B","44","26/2/1978"
"711","Carl Fred","Bngard Cast","C","45","1/7/1977"
"712","Dan Frank","Bs Deitz","D","44","23/8/1978"
"713","DFrank","Byd Deitz","D","34","11/10/1988"
"714","Fred Fred","Cast Cast","F","121","5/6/1901"
"715","FMatthew","Dtz Lawless","F","76","19/11/1946"
"716","Grge Ben","Dalt Bateman","G","15","19/8/2007"
"717","Grge Dan","Dlt Bowers","G","42","27/6/1980"
"718","Grge Larry","DKassing","G","52","9/10/1970"
"719","Hal Aaron","Ener Aikin","H","63","30/5/1959"
"720","Hnk Ike","Fk Hancock","H","52","26/7/1970"
"721","Hnk Joe","Foffman","H","77","27/8/1945"
"722","Ike Frank","Hancock Deitz","I","110","7/10/1912"
"723","Je David","Hn Boyd","J","45","3/5/1977"
"724","Je Ike","Hoffman Hancock","J","57","3/10/1965"
"725","Larry Frank","King Deitz","L","41","5/1/1981"
"726","Me Larry","Kn Kassing","M","98","30/6/1924"
"727","Aam David","Aerson Boyd","A","77","20/6/1945"
"728","Aam Jack","Anderson Hesch","A","17","18/12/2005"
"729","Aon Edward","Ain Cannon","A","113","13/6/1909"
"730","An Jack","Aikin Hesch","A","39","15/10/1983"
"731","B Fred","Bman Cast","B","111","11/10/1911"
"732","Bn Frank","Beman Deitz","B","69","21/4/1953"
"733","C Carl","Brd Bongard","C","23","19/4/1999"
"734","Cdward","Bngard Cannon","C","34","26/8/1988"
"735","Carl Hal","Bongard Ebner","C","118","1/6/1904"
"736","Carl Hank","Bngard Frick","C","113","17/2/1909"
"737","Dn Larry","Bowers Kassing","D","24","4/9/1998"
"738","Dd Matthew","Boyd Lawless","D","83","6/5/1939"
"739","Eward Aaron","C Aikin","E","82","5/11/1940"
"740","E Edward","Cnnon Cannon","E","45","12/1/1977"
"741","Fd Ike","Cst Hancock","F","59","20/2/1963"
"742","Frank Frank","Dz Deitz","F","19","5/9/2003"
"743","Fank George","Dtz Dewalt","F","34","4/11/1988"
"744","Fk Larry","Deitz Kassing","F","78","21/11/1944"
"745","George David","Dwalt Boyd","G","21","27/1/2001"
"746","Gge John","Dwalt Haworth","G","108","20/1/1914"
"747","Gge Matthew","Dawless","G","113","22/4/1909"
"748","Hk Jack","Fk Hesch","H","99","12/11/1923"
"749","Ike Larry","Hock Kassing","I","100","1/4/1922"
"750","Lry Ben","Ksing Bateman","L","102","16/5/1920"
"751","Lry Carl","Kg Bongard","L","38","29/11/1984"
"752","Mte Edward","Ktson Cannon","M","26","14/5/1996"
"753","Mnte Joe","Ktson Hoffman","M","56","6/3/1966"
"754","Aex George","Awoon Dewalt","A","92","19/9/1930"
"755","Aex Ike","Awoon Hancock","A","23","25/4/1999"
"756","AMonte","Ahwoon Knutson","A","54","19/5/1968"
"757","Aex Matthew","Aoon Lawless","A","62","14/7/1960"
"758","Aaron Dan","An Bowers","A","42","7/1/1980"
"759","An Larry","AKassing","A","48","3/5/1974"
"760","Crl Alex","Bd Ashwoon","C","86","25/8/1936"
"761","Cl Aaron","Bgard Aikin","C","81","19/9/1941"
"762","Cl Edward","Brd Cannon","C","85","1/4/1937"
"763","Dn Ben","Bowers Bateman","D","59","3/5/1963"
"764","Dd Fred","Byd Cast","D","12","12/3/2010"
"765","Eard Hal","Cannon Ebner","E","51","8/8/1971"
"766","Erd Joe","Cnon Hoffman","E","100","21/7/1922"
"767","E Larry","C Kassing","E","90","31/1/1932"
"768","Fred George","Cst Dewalt","F","20","16/7/2002"
"769","Fred Hank","Cast Frick","F","121","16/9/1901"
"770","Frank Edward","Dannon","F","16","12/11/2006"
"771","Grge Aaron","Dwalt Aikin","G","76","20/3/1946"
"772","Gatthew","Dlt Lawless","G","28","15/8/1994"
"773","Hl Edward","Eer Cannon","H","63","11/6/1959"
"774","H Frank","Er Deitz","H","16","28/6/2006"
"775","H Jack","Ebner Hesch","H","29","21/8/1993"
"776","Hank Dan","Fk Bowers","H","103","21/4/1919"
"777","Hank Matthew","F Lawless","H","39","10/4/1983"
"778","Ike John","Haworth","I","42","18/3/1980"
"779","Iatthew","Hck Lawless","I","114","18/7/1908"
"780","Jhn Aaron","Hh Aikin","J","119","2/11/1903"
"781","John Carl","Hworth Bongard","J","120","1/3/1902"
"782","Jhn Monte","Horth Knutson","J","68","25/12/1954"
"783","Joe Joe","Hman Hoffman","J","92","28/10/1930"
"784","Mnte David","Ktson Boyd","M","110","30/8/1912"
"785","Mnte George","Ktson Dewalt","M","90","21/1/1932"
"786","M Larry","K Kassing","M","84","29/3/1938"
"787","Aon Alex","A Ashwoon","A","105","6/4/1917"
"788","An Ike","An Hancock","A","83","22/1/1939"
"789","Aon John","Aaworth","A","69","30/6/1953"
"790","Ben Ben","Beman Bateman","B","112","21/4/1910"
"791","Bn Dan","Bman Bowers","B","44","25/7/1978"
"792","BGeorge","Bteman Dewalt","B","113","24/7/1909"
"793","Carl Alex","Bgard Ashwoon","C","50","3/11/1972"
"794","Cl Joe","Bngard Hoffman","C","75","27/2/1947"
"795","Dan David","Brs Boyd","D","54","18/10/1968"
"796","Dn Edward","Brs Cannon","D","19","19/4/2003"
"797","Dn George","Bowers Dewalt","D","69","20/11/1953"
"798","Eard Dan","Cnon Bowers","E","58","29/2/1964"
"799","Erd Frank","Cannon Deitz","E","86","29/11/1936"
"800","Fed Dan","Cast Bowers","F","49","20/7/1973"
"801","Fred Joe","Ct Hoffman","F","56","1/6/1966"
"802","Ge Hank","Dalt Frick","G","49","31/5/1973"
"803","George John","Dt Haworth","G","74","18/3/1948"
"804","Grge Jack","Dlt Hesch","G","103","13/1/1919"
"805","HLarry","EKassing","H","87","20/4/1935"
"806","Hank Fred","Frick Cast","H","116","27/3/1906"
"807","H Matthew","Fwless","H","45","6/8/1977"
"808","Ike Ike","Hck Hancock","I","16","4/4/2006"
"809","I Monte","Hncock Knutson","I","14","19/1/2008"
"810","John Ben","Hateman","J","47","2/8/1975"
"811","Jdward","Hman Cannon","J","35","28/9/1987"
"812","L Alex","Kassing Ashwoon","L","107","25/11/1915"
"813","Larry John","Ksing Haworth","L","108","13/6/1914"
"814","L Matthew","Kassing Lawless","L","32","12/12/1990"
"815","MFrank","Kutson Deitz","M","66","25/8/1956"
"816","Mnte Ike","K Hancock","M","30","18/9/1992"
"817","Adam Hal","Aerson Ebner","A","97","21/5/1925"
"818","Adam Jack","Aon Hesch","A","48","30/1/1974"
"819","Ax David","Awoon Boyd","A","113","29/9/1909"
"820","Ben Edward","Bannon","B","113","20/8/1909"
"821","Beorge","Bn Dewalt","B","87","13/9/1935"
"822","Ben John","Bman Haworth","B","96","17/1/1926"
"823","Cl Jack","Bard Hesch","C","88","26/3/1934"
"824","Dn Dan","Bs Bowers","D","84","14/6/1938"
"825","D Jack","Brs Hesch","D","99","5/3/1923"
"826","E Alex","CAshwoon","E","80","8/1/1942"
"827","Eard Frank","Cnon Deitz","E","105","12/11/1917"
"828","Edward Hal","Cnon Ebner","E","95","31/7/1927"
"829","Fd Monte","Ct Knutson","F","16","1/3/2006"
"830","Fk Joe","Dffman","F","16","7/4/2006"
"831","Gorge Fred","Dalt Cast","G","53","4/9/1969"
"832","G George","D Dewalt","G","30","29/5/1992"
"833","Ge Monte","D Knutson","G","119","22/8/1903"
"834","Hal Frank","E Deitz","H","48","22/4/1974"
"835","Hk Aaron","Fk Aikin","H","88","10/2/1934"
"836","Hk Hal","Fk Ebner","H","89","9/1/1933"
"837","Lrry Alex","Kshwoon","L","37","4/4/1985"
"838","Lry Ike","Ksing Hancock","L","93","12/8/1929"
"839","Me Dan","Kutson Bowers","M","89","12/6/1933"
"840","Mnte Edward","Kannon","M","29","10/6/1993"
"841","M Fred","Kson Cast","M","25","28/8/1997"
"842","Me Jack","Kutson Hesch","M","64","14/7/1958"
"843","Me Monte","Kn Knutson","M","25","28/3/1997"
"844","Aam Ben","Arson Bateman","A","106","23/6/1916"
"845","Am Hank","Arson Frick","A","27","16/10/1995"
"846","Ax Dan","ABowers","A","34","2/12/1988"
"847","Ax Edward","Aoon Cannon","A","16","19/7/2006"
"848","Aron Dan","Aowers","A","98","3/9/1924"
"849","Aon Frank","ADeitz","A","75","25/6/1947"
"850","Bn Aaron","BAikin","B","59","23/2/1963"
"851","C Alex","BAshwoon","C","78","20/5/1944"
"852","C Fred","Bongard Cast","C","90","9/6/1932"
"853","D Matthew","Brs Lawless","D","102","10/3/1920"
"854","Did Fred","Boyd Cast","D","119","31/12/1903"
"855","David Larry","Boyd Kassing","D","121","9/11/1901"
"856","DMatthew","Byd Lawless","D","105","3/9/1917"
"857","Gorge Alex","Dalt Ashwoon","G","72","8/7/1950"
"858","Gge Ben","Dteman","G","97","12/5/1925"
"859","Gorge George","Dlt Dewalt","G","47","6/2/1975"
"860","GLarry","Dt Kassing","G","59","13/7/1963"
"861","GMatthew","Dwalt Lawless","G","33","28/6/1989"
"862","HGeorge","Eer Dewalt","H","78","18/8/1944"
"863","Hl Hank","Ener Frick","H","15","16/8/2007"
"864","I David","Hncock Boyd","I","14","17/8/2008"
"865","John Edward","Hworth Cannon","J","53","22/12/1969"
"866","Joe Jack","HHesch","J","81","22/5/1941"
"867","Me Frank","Kson Deitz","M","13","7/11/2009"
"868","Aam Alex","An Ashwoon","A","68","10/4/1954"
"869","Adam Matthew","Aawless","A","13","5/10/2009"
"870","Ben Ike","Bateman Hancock","B","66","20/9/1956"
"871","C Matthew","Bngard Lawless","C","35","12/1/1987"
"872","Dd Dan","B Bowers","D","52","22/10/1970"
"873","DEdward","Byd Cannon","D","50","7/3/1972"
"874","David Fred","Bd Cast","D","79","24/11/1943"
"875","Dd Joe","BHoffman","D","105","23/11/1917"
"876","Ed David","Con Boyd","E","112","20/11/1910"
"877","Edward Frank","Cn Deitz","E","121","7/1/1901"
"878","Eard Ike","Cnon Hancock","E","20","17/4/2002"
"879","FAaron","Dtz Aikin","F","55","15/7/1967"
"880","Ge Fred","Dewalt Cast","G","14","1/8/2008"
"881","Hank Aaron","Fck Aikin","H","81","12/7/1941"
"882","J Alex","Hhwoon","J","37","9/1/1985"
"883","JDavid","Hch Boyd","J","60","28/7/1962"
"884","Jack Frank","Hesch Deitz","J","82","7/7/1940"
"885","Je Hal","Hn Ebner","J","112","2/2/1910"
"886","LMonte","Kassing Knutson","L","117","12/12/1905"
"887","Monte Carl","Kon Bongard","M","99","8/8/1923"
"888","Aam Dan","Aerson Bowers","A","104","28/6/1918"
"889","Adam Monte","Aderson Knutson","A","14","6/9/2008"
"890","Alex Carl","Ahwoon Bongard","A","35","6/1/1987"
"891","Aex David","Aon Boyd","A","107","8/7/1915"
"892","Aron John","Akin Haworth","A","38","2/6/1984"
"893","BEdward","Bteman Cannon","B","116","19/6/1906"
"894","D Larry","Byd Kassing","D","117","13/8/1905"
"895","Eward Ben","Cannon Bateman","E","72","4/12/1950"
"896","EMonte","Cnnon Knutson","E","108","29/6/1914"
"897","Frank Jack","D Hesch","F","47","3/6/1975"
"898","Hl David","Ener Boyd","H","107","15/8/1915"
"899","IEdward","Hock Cannon","I","29","15/9/1993"
"900","Ike Hal","HEbner","I","85","9/1/1937"
"901","Jn Edward","Horth Cannon","J","110","23/9/1912"
"902","Lry Hank","Kassing Frick","L","55","17/1/1967"
"903","MEdward","Kson Cannon","M","107","27/11/1915"
"904","M George","Knutson Dewalt","M","36","21/1/1986"
"905","Aam Larry","Arson Kassing","A","64","9/11/1958"
"906","Ax George","Ashwoon Dewalt","A","77","1/9/1945"
"907","An George","Aikin Dewalt","A","40","10/4/1982"
"908","Aron Hank","Akin Frick","A","84","22/3/1938"
"909","Aaron John","An Haworth","A","80","30/9/1942"
"910","D Aaron","Brs Aikin","D","25","11/8/1997"
"911","Dn Fred","B Cast","D","112","11/8/1910"
"912","Dan Larry","Bers Kassing","D","106","17/10/1916"
"913","Dd Aaron","Boyd Aikin","D","117","11/12/1905"
"914","Did Carl","Byd Bongard","D","114","26/7/1908"
"915","Edward Alex","Chwoon","E","97","13/10/1925"
"916","Fed Aaron","Ct Aikin","F","66","28/6/1956"
"917","Frank Dan","Ditz Bowers","F","69","25/6/1953"
"918","Frank George","DDewalt","F","57","21/11/1965"
"919","George Frank","DDeitz","G","107","30/3/1915"
"920","Grge Hal","Dlt Ebner","G","100","22/6/1922"
"921","G Larry","D Kassing","G","40","25/7/1982"
"922","Hal Fred","E Cast","H","89","15/11/1933"
"923","John Matthew","Haworth Lawless","J","80","31/8/1942"
"924","Jack Fred","Hesch Cast","J","121","12/5/1901"
"925","Jck Monte","Hutson","J","21","2/8/2001"
"926","Ly Dan","Kng Bowers","L","50","29/9/1972"
"927","M Frank","Kon Deitz","M","42","21/7/1980"
"928","Mte Joe","Koffman","M","25","20/5/1997"
"929","Am Joe","Anderson Hoffman","A","108","19/5/1914"
"930","Aex Frank","Aoon Deitz","A","82","12/9/1940"
"931","An Hal","AEbner","A","43","4/6/1979"
"932","Dn Hal","Bs Ebner","D","53","27/7/1969"
"933","Dd Ben","Byd Bateman","D","43","27/5/1979"
"934","Dvid Carl","Bongard","D","39","8/12/1983"
"935","David Joe","B Hoffman","D","48","5/9/1974"
"936","Fank Fred","Deitz Cast","F","97","26/8/1925"
"937","George Hank","DFrick","G","45","23/11/1977"
"938","Hal Joe","Er Hoffman","H","116","16/12/1906"
"939","Ie Alex","Hshwoon","I","67","2/7/1955"
"940","L Aaron","KAikin","L","100","29/12/1922"
"941","Ly Jack","K Hesch","L","36","7/2/1986"
"942","Monte David","Kon Boyd","M","42","17/12/1980"
"943","M Edward","K Cannon","M","31","6/4/1991"
"944","Ax Alex","Aoon Ashwoon","A","25","13/10/1997"
"945","Ax John","Aworth","A","74","18/2/1948"
"946","Ben Dan","Bteman Bowers","B","91","17/4/1931"
"947","Crl George","Bongard Dewalt","C","17","19/10/2005"
"948","EEdward","Con Cannon","E","34","27/6/1988"
"949","E George","C Dewalt","E","76","2/8/1946"
"950","Fred Jack","Cst Hesch","F","75","21/6/1947"
"951","Fk Dan","Dtz Bowers","F","16","9/1/2006"
"952","HEdward","Ener Cannon","H","55","22/2/1967"
"953","Hl Larry","Essing","H","100","10/5/1922"
"954","Hank Frank","Fck Deitz","H","35","26/4/1987"
"955","Ike David","Hk Boyd","I","97","22/5/1925"
"956","I Frank","Hck Deitz","I","87","15/7/1935"
"957","Jack Alex","Hch Ashwoon","J","60","23/7/1962"
"958","Jck Hank","Hesch Frick","J","69","4/6/1953"
"959","Ly Matthew","Kawless","L","27","3/12/1995"
"960","Adam Edward","ACannon","A","119","27/4/1903"
"961","Aon Jack","Ain Hesch","A","101","26/12/1921"
"962","C Jack","Bongard Hesch","C","85","29/6/1937"
"963","Dn Joe","Bs Hoffman","D","23","19/4/1999"
"964","Ge Aaron","Dewalt Aikin","G","53","1/5/1969"
"965","Gorge Carl","Dlt Bongard","G","106","24/6/1916"
"966","Grge Ike","D Hancock","G","103","27/4/1919"
"967","H Carl","Eongard","H","121","22/4/1901"
"968","Hal Larry","E Kassing","H","32","19/6/1990"
"969","I Fred","Hncock Cast","I","92","10/11/1930"
"970","Jhn David","Hrth Boyd","J","99","12/6/1923"
"971","Jack David","Hesch Boyd","J","102","13/11/1920"
"972","Ly Hal","Kssing Ebner","L","114","24/7/1908"
"973","Lrry Hank","Ksing Frick","L","15","21/11/2007"
"974","Adam Aaron","Anderson Aikin","A","59","15/9/1963"
"975","Cl Matthew","Bgard Lawless","C","60","14/2/1962"
"976","Dan Hank","Bs Frick","D","85","1/7/1937"
"977","Dn Matthew","Bers Lawless","D","89","5/9/1933"
"978","Dvid George","Byd Dewalt","D","57","23/10/1965"
"979","Eard Ben","CBateman","E","59","18/5/1963"
"980","Edward John","Con Haworth","E","60","1/4/1962"
"981","Fnk Dan","Deitz Bowers","F","49","16/9/1973"
"982","Ge Alex","D Ashwoon","G","28","13/5/1994"
"983","George Aaron","Dlt Aikin","G","70","17/12/1952"
"984","GDavid","Dewalt Boyd","G","43","12/8/1979"
"985","Hal John","EHaworth","H","61","30/5/1961"
"986","Hal Matthew","Eawless","H","12","17/5/2010"
"987","Hk Dan","Fowers","H","49","26/7/1973"
"988","Hk Monte","Fnutson","H","28","29/9/1994"
"989","Lry George","Kg Dewalt","L","118","13/2/1904"
"990","Lry John","Kssing Haworth","L","37","24/4/1985"
"991","Mnte Carl","Kngard","M","41","15/2/1981"
"992","Me Matthew","KLawless","M","43","22/10/1979"
"993","Am Ike","Arson Hancock","A","33","6/2/1989"
"994","Aex Dan","Aoon Bowers","A","56","30/8/1966"
"995","BMonte","Bateman Knutson","B","117","31/7/1905"
"996","Carl Ben","Bongard Bateman","C","78","2/10/1944"
"997","Cl George","Brd Dewalt","C","25","14/2/1997"
"998","C Monte","Bongard Knutson","C","69","19/2/1953"
"999","Dn Carl","Bs Bongard","D","34","26/7/1988"
"1000","Fk Monte","Dtz Knutson","F","116","26/3/1906"
"1001","Ge John","D Haworth","G","46","6/10/1976"
"1002","HFrank","Ebner Deitz","H","73","24/9/1949"
"1003","Hnk Hal","Frick Ebner","H","12","2/9/2010"
"1004","Hnk Jack","F Hesch","H","24","22/5/1998"
"1005","Jhn Ike","H Hancock","J","54","29/7/1968"
"1006","Jk George","Hesch Dewalt","J","93","20/7/1929"
"1007","Jck John","Hsch Haworth","J","73","7/1/1949"
"1008","Jk Matthew","Hch Lawless","J","92","16/3/1930"
"1009","Mte John","Kn Haworth","M","93","22/8/1929"
"1010","Ben Aaron","Bn Aikin","B","57","22/11/1965"
"1011","C Frank","Bd Deitz","C","38","4/9/1984"
"1012","Eward Matthew","Cn Lawless","E","25","28/6/1997"
"1013","Fd Matthew","Cst Lawless","F","91","2/9/1931"
"1014","Fnk Fred","Ditz Cast","F","50","31/5/1972"
"1015","George George","Dewalt","G","64","3/1/1958"
"1016","Hk George","Fk Dewalt","H","37","22/5/1985"
"1017","I Aaron","Hancock Aikin","I","76","2/6/1946"
"1018","Joe Edward","Hffman Cannon","J","22","24/2/2000"
"1019","Je Frank","Hffman Deitz","J","56","8/10/1966"
"1020","Je Matthew","HLawless","J","71","8/12/1951"
"1021","Ly David","K Boyd","L","87","14/8/1935"
"1022","Aon Carl","Ain Bongard","A","17","29/4/2005"
"1023","Aaron Monte","Aikin Knutson","A","44","24/11/1978"
"1024","Crl John","Baworth","C","108","9/4/1914"
"1025","Fred Larry","Cassing","F","35","8/7/1987"
"1026","GEdward","Dt Cannon","G","104","12/3/1918"
"1027","Hal Monte","Eutson","H","26","5/12/1996"
"1028","Hank John","Faworth","H","21","10/7/2001"
"1029","Jn Carl","HBongard","J","47","7/4/1975"
"1030","Jn Frank","HDeitz","J","70","12/5/1952"
"1031","John Hal","Hh Ebner","J","20","10/7/2002"
"1032","Lrry Jack","Kssing Hesch","L","111","5/6/1911"
"1033","Me Carl","Knutson Bongard","M","110","2/5/1912"
"1034","Adam Fred","Aerson Cast","A","48","3/2/1974"
"1035","Cl Fred","Bard Cast","C","25","25/10/1997"
"1036","C Larry","Bd Kassing","C","29","9/2/1993"
"1037","Erd Matthew","C Lawless","E","119","24/9/1903"
"1038","Fed Ike","Cast Hancock","F","20","25/12/2002"
"1039","Gorge Frank","Dt Deitz","G","39","21/6/1983"
"1040","Ge George","Dalt Dewalt","G","62","5/12/1960"
"1041","Jhn Larry","Haworth Kassing","J","95","13/7/1927"
"1042","Jck Alex","Hesch Ashwoon","J","96","22/11/1926"
"1043","MAaron","K Aikin","M","74","19/4/1948"
"1044","Me Ben","KBateman","M","21","28/7/2001"
"1045","Mte Monte","Kon Knutson","M","54","16/4/1968"
"1046","Aex John","Ahwoon Haworth","A","37","6/7/1985"
"1047","Btthew","Bateman Lawless","B","73","23/2/1949"
"1048","Dan Joe","Bers Hoffman","D","62","28/2/1960"
"1049","Eward Dan","Cn Bowers","E","114","8/4/1908"
"1050","Eard David","Cn Boyd","E","96","5/2/1926"
"1051","Grge Fred","Dwalt Cast","G","72","28/10/1950"
"1052","G Frank","Dlt Deitz","G","40","16/8/1982"
"1053","Gorge Ike","Dewalt Hancock","G","87","30/7/1935"
"1054","G Monte","Dlt Knutson","G","32","7/11/1990"
"1055","Jack Ben","Hch Bateman","J","77","14/7/1945"
"1056","Je Dan","Hoffman Bowers","J","62","19/6/1960"
"1057","M David","Kson Boyd","M","77","14/4/1945"
"1058","Mte Larry","Ktson Kassing","M","116","2/5/1906"
"1059","Aaron Fred","Akin Cast","A","82","1/9/1940"
"1060","Aron Matthew","Aikin Lawless","A","60","30/9/1962"
"1061","Carl Edward","Bard Cannon","C","32","8/11/1990"
"1062","E Carl","Con Bongard","E","40","17/11/1982"
"1063","Ed Joe","C Hoffman","E","104","16/5/1918"
"1064","Frank David","Deitz Boyd","F","88","9/4/1934"
"1065","Fk Jack","Ditz Hesch","F","117","7/10/1905"
"1066","Fnk Matthew","Dz Lawless","F","70","21/9/1952"
"1067","Hal George","EDewalt","H","109","6/2/1913"
"1068","Hnk Carl","Fck Bongard","H","66","24/4/1956"
"1069","Jn Joe","Horth Hoffman","J","87","29/7/1935"
"1070","Joe George","Hman Dewalt","J","69","9/11/1953"
"1071","Lry Fred","King Cast","L","104","6/10/1918"
"1072","Me John","Kon Haworth","M","102","1/12/1920"
"1073","Ax Jack","Ashwoon Hesch","A","44","15/11/1978"
"1074","Aon Ben","Ain Bateman","A","103","8/6/1919"
"1075","Aaron Hank","Aikin Frick","A","78","4/5/1944"
"1076","Aon Ike","AHancock","A","34","24/7/1988"
"1077","Did Jack","Byd Hesch","D","111","30/9/1911"
"1078","Erd Aaron","Cnnon Aikin","E","56","14/5/1966"
"1079","Ed John","CHaworth","E","122","8/9/1900"
"1080","Fank Jack","Deitz Hesch","F","51","18/3/1971"
"1081","George Fred","Dlt Cast","G","98","3/2/1924"
"1082","Me Alex","Khwoon","M","66","29/8/1956"
"1083","Alex George","Aoon Dewalt","A","103","4/8/1919"
"1084","Bn Carl","Bman Bongard","B","55","9/8/1967"
"1085","B Monte","Bman Knutson","B","78","1/5/1944"
"1086","Cl Carl","Bgard Bongard","C","94","8/3/1928"
"1087","EFrank","Cnnon Deitz","E","18","25/12/2004"
"1088","EGeorge","Cewalt","E","34","7/8/1988"
"1089","Fank Edward","Dtz Cannon","F","56","29/10/1966"
"1090","Hl Carl","Ener Bongard","H","21","3/8/2001"
"1091","Jk Ben","Hesch Bateman","J","63","11/10/1959"
"1092","Je Carl","Hn Bongard","J","80","3/9/1942"
"1093","Mte Matthew","Kn Lawless","M","91","7/2/1931"
"1094","Am George","Aerson Dewalt","A","12","5/8/2010"
"1095","Adam Hank","Ason Frick","A","77","7/9/1945"
"1096","Bn Monte","Bn Knutson","B","116","23/11/1906"
"1097","Crl Hank","Bd Frick","C","34","19/9/1988"
"1098","D Edward","Boyd Cannon","D","38","22/6/1984"
"1099","Frank Joe","Dz Hoffman","F","21","8/7/2001"
"1100","G Aaron","Dt Aikin","G","66","12/9/1956"
"1101","Gge Monte","DKnutson","G","43","20/9/1979"
"1102","HAaron","Ebner Aikin","H","119","21/9/1903"
"1103","I Edward","Hcock Cannon","I","112","30/7/1910"
"1104","Lrry Edward","Kassing Cannon","L","65","5/10/1957"
"1105","Monte Monte","KKnutson","M","15","20/5/2007"
"1106","Alex Frank","Awoon Deitz","A","77","14/7/1945"
"1107","Aron Fred","A Cast","A","80","28/8/1942"
"1108","Dn Frank","Bwers Deitz","D","22","10/6/2000"
"1109","Dvid Monte","Bd Knutson","D","16","30/12/2006"
"1110","E Aaron","Cannon Aikin","E","37","6/10/1985"
"1111","Erd Monte","Cutson","E","84","3/8/1938"
"1112","Hl Monte","Er Knutson","H","111","28/2/1911"
"1113","Jck Hal","Hsch Ebner","J","52","26/8/1970"
"1114","An Joe","Aikin Hoffman","A","30","11/9/1992"
"1115","B Frank","Bateman Deitz","B","90","6/9/1932"
"1116","Fk Edward","Dz Cannon","F","99","19/9/1923"
"1117","Frank Hal","Dz Ebner","F","72","4/2/1950"
"1118","Fnk Jack","Dz Hesch","F","84","16/7/1938"
"1119","Grge Alex","Dt Ashwoon","G","70","6/5/1952"
"1120","Lrry George","Ksing Dewalt","L","73","26/2/1949"
"1121","L Monte","Kutson","L","86","15/1/1936"
"1122","Mnte Jack","Kson Hesch","M","71","18/3/1951"
"1123","Aon Hal","Akin Ebner","A","71","15/9/1951"
"1124","Ben David","Beman Boyd","B","82","13/9/1940"
"1125","B Edward","BCannon","B","93","1/8/1929"
"1126","Cl Dan","Bard Bowers","C","63","7/2/1959"
"1127","David Hank","Boyd Frick","D","111","2/8/1911"
"1128","Ed Frank","CDeitz","E","107","25/11/1915"
"1129","E Jack","Con Hesch","E","116","23/6/1906"
"1130","Edward Joe","Cn Hoffman","E","97","16/5/1925"
"1131","Grge Edward","Dwalt Cannon","G","106","3/7/1916"
"1132","Ike Matthew","Hancock Lawless","I","41","8/2/1981"
"1133","Jack Ike","Hsch Hancock","J","48","11/3/1974"
"1134","L Larry","Kssing Kassing","L","91","14/10/1931"
"1135","Fred Dan","Cst Bowers","F","115","5/8/1907"
"1136","Fed Larry","Cast Kassing","F","92","31/7/1930"
"1137","Gorge Dan","Dalt Bowers","G","30","11/9/1992"
"1138","Grge David","Dt Boyd","G","49","23/1/1973"
"1139","Je George","Hoffman Dewalt","J","90","2/5/1932"
"1140","Mnte Hank","Knutson Frick","M","68","17/8/1954"
"1141","Did Alex","Byd Ashwoon","D","92","9/1/1930"
"1142","Eward Hal","C Ebner","E","29","7/4/1993"
"1143","Eard Joe","Coffman","E","66","1/4/1956"
"1144","Frank Ike","DHancock","F","100","6/4/1922"
"1145","Jn George","Horth Dewalt","J","84","28/2/1938"
"1146","Lrry Matthew","Kng Lawless","L","30","10/2/1992"
"1147","B Alex","Beman Ashwoon","B","45","27/10/1977"
"1148","Fnk Larry","Dz Kassing","F","23","7/5/1999"
"1149","Gge Frank","D Deitz","G","57","2/5/1965"
"1150","Hl Ben","Eer Bateman","H","40","24/10/1982"
"1151","Hnk Ben","F Bateman","H","100","2/10/1922"
"1152","Jck George","Hewalt","J","85","6/6/1937"
"1153","Am Fred","Aon Cast","A","84","27/2/1938"
"1154","An Carl","Akin Bongard","A","92","20/12/1930"
"1155","Carl Larry","Bassing","C","84","8/6/1938"
"1156","Grge John","Dworth","G","73","5/1/1949"
"1157","Ge Joe","Dalt Hoffman","G","61","22/5/1961"
"1158","Joe Alex","Hman Ashwoon","J","18","14/1/2004"
"1159","M Aaron","Kson Aikin","M","41","19/11/1981"
"1160","Monte Larry","Knutson Kassing","M","65","13/12/1957"
"1161","Adam Joe","Aerson Hoffman","A","88","31/10/1934"
"1162","An David","Aikin Boyd","A","120","30/7/1902"
"1163","Ed Ike","CHancock","E","86","14/11/1936"
"1164","Fred Alex","Cst Ashwoon","F","59","22/8/1963"
"1165","George Ike","Dlt Hancock","G","57","14/2/1965"
"1166","Ike Fred","Hck Cast","I","32","5/12/1990"
"1167","I Hank","Hncock Frick","I","30","20/1/1992"
"1168","LDavid","Kg Boyd","L","87","17/3/1935"
"1169","Adam Carl","Anderson Bongard","A","83","4/3/1939"
"1170","Fed Monte","Cst Knutson","F","25","13/1/1997"
"1171","Fk Hal","Deitz Ebner","F","41","19/10/1981"
"1172","Monte Hank","Ktson Frick","M","96","6/8/1926"
"1173","Aon Matthew","Akin Lawless","A","113","4/7/1909"
"1174","DDavid","Boyd Boyd","D","52","20/2/1970"
"1175","Eward Hank","Cannon Frick","E","41","6/12/1981"
"1176","Me Hal","Ktson Ebner","M","42","28/10/1980"
"1177","Am Dan","Aderson Bowers","A","104","3/1/1918"
"1178","Aaron Joe","Akin Hoffman","A","109","24/3/1913"
"1179","Ben Matthew","Ban Lawless","B","28","24/6/1994"
"1180","Carl David","Bngard Boyd","C","104","9/12/1918"
"1181","Crl Ike","B Hancock","C","41","30/8/1981"
"1182","Fred David","Cst Boyd","F","53","24/1/1969"
"1183","Hank David","Fick Boyd","H","105","27/7/1917"
"1184","Jhn John","Hrth Haworth","J","63","4/4/1959"
"1185","Aam Carl","Arson Bongard","A","101","8/7/1921"
"1186","Alex David","Aoon Boyd","A","29","25/10/1993"
"1187","Alex Jack","AHesch","A","117","18/2/1905"
"1188","Dan Aaron","Bwers Aikin","D","92","25/4/1930"
"1189","Eard Carl","Cnon Bongard","E","30","15/8/1992"
"1190","ILarry","Hcock Kassing","I","79","7/3/1943"
"1191","Mnte Larry","Kon Kassing","M","80","25/12/1942"
"1192","Fd Larry","Cssing","F","46","12/9/1976"
"1193","Frank John","Ditz Haworth","F","20","16/10/2002"
"1194","G John","DHaworth","G","112","17/11/1910"
"1195","Am Jack","Aerson Hesch","A","79","21/2/1943"
"1196","Crl David","Bgard Boyd","C","90","24/8/1932"
"1197","Dn Hank","Bers Frick","D","62","16/12/1960"
"1198","Ed Jack","Cnon Hesch","E","25","16/8/1997"
"1199","Erd Larry","Cnnon Kassing","E","93","9/3/1929"
"1200","Jack Larry","HKassing","J","21","25/2/2001"
"1201","Lrry Ike","KHancock","L","14","8/9/2008"
"1202","Ed Alex","Cannon Ashwoon","E","45","20/7/1977"
"1203","E John","Cnnon Haworth","E","115","7/11/1907"
"1204","MMonte","Knutson Knutson","M","46","29/7/1976"
"1205","Aam Edward","Anderson Cannon","A","90","20/7/1932"
"1206","Aex Edward","Aon Cannon","A","66","6/1/1956"
"1207","Aon George","A Dewalt","A","68","26/3/1954"
"1208","CDavid","Bard Boyd","C","35","6/2/1987"
"1209","IMonte","Hk Knutson","I","85","30/7/1937"
"1210","IMatthew","Hk Lawless","I","16","23/4/2006"
"1211","LAaron","Kssing Aikin","L","77","20/6/1945"
"1212","Latthew","K Lawless","L","34","20/8/1988"
"1213","Aaron Edward","An Cannon","A","60","8/1/1962"
"1214","Dn Jack","Bwers Hesch","D","20","3/12/2002"
"1215","G Alex","Dshwoon","G","40","30/10/1982"
"1216","Hnk Matthew","Fawless","H","32","5/10/1990"
"1217","Mte Jack","Ktson Hesch","M","90","7/7/1932"
"1218","Am David","Arson Boyd","A","69","13/7/1953"
"1219","Adam George","Aderson Dewalt","A","52","23/7/1970"
"1220","John Monte","Hrth Knutson","J","50","9/5/1972"
"1221","Dan Edward","Bs Cannon","D","56","20/8/1966"
"1222","Edward Aaron","Con Aikin","E","14","25/7/2008"
"1223","George Ben","Dwalt Bateman","G","97","2/2/1925"
"1224","Je Edward","Hoffman Cannon","J","57","20/7/1965"
"1225","Fed Edward","Cst Cannon","F","30","14/1/1992"
"1226","Hnk Fred","Fck Cast","H","13","20/2/2009"
"1227","Dvid John","Byd Haworth","D","105","11/6/1917"
"1228","Hank Edward","Fck Cannon","H","54","10/1/1968"
"1229","Mnte Dan","K Bowers","M","40","31/10/1982"
"1230","Am Alex","Arson Ashwoon","A","100","17/5/1922"
"1231","Did Hal","Boyd Ebner","D","102","3/7/1920"
"1232","Gorge Aaron","Dalt Aikin","G","36","10/1/1986"
"1233","Jck Joe","Hesch Hoffman","J","103","17/8/1919"
"1234","L Carl","King Bongard","L","75","26/5/1947"
"1235","Bn Hank","Bman Frick","B","95","26/2/1927"
"1236","E Hank","Con Frick","E","40","15/10/1982"
"1237","Frank Carl","Dz Bongard","F","110","8/8/1912"
"1238","Jack George","Hh Dewalt","J","97","1/5/1925"
"1239","Ax Hank","Ashwoon Frick","A","59","11/3/1963"
"1240","Ed Ben","C Bateman","E","97","2/8/1925"
"1241","George Dan","Dewalt Bowers","G","66","22/6/1956"
"1242","Jck Ike","Hh Hancock","J","48","14/4/1974"
"1243","Ly Frank","Kg Deitz","L","25","3/3/1997"
"1244","An Hank","Ain Frick","A","103","17/2/1919"
"1245","Fk Matthew","Deitz Lawless","F","92","15/2/1930"
"1246","Crl Fred","Brd Cast","C","110","11/4/1912"
"1247","F Fred","Dtz Cast","F","118","28/1/1904"
"1248","Frank Larry","Dssing","F","78","9/8/1944"
"1249","Jhn Alex","Haworth Ashwoon","J","86","27/9/1936"
"1250","Jack Matthew","Hh Lawless","J","23","8/8/1999"
"1251","Joe Aaron","Hffman Aikin","J","65","31/12/1957"
"1252","B George","Bman Dewalt","B","103","15/11/1919"
"1253","G Carl","Dwalt Bongard","G","119","20/4/1903"
"1254","Hk Alex","Fk Ashwoon","H","92","2/11/1930"
"1255","M John","Knutson Haworth","M","35","18/9/1987"
"1256","Am Carl","Aon Bongard","A","113","6/2/1909"
"1257","Jack Dan","Hch Bowers","J","102","31/7/1920"
"1258","Jack John","Hesch Haworth","J","31","30/12/1991"
"1259","FMonte","Cnutson","F","88","11/3/1934"
"1260","Fank Frank","Ditz Deitz","F","70","26/12/1952"
"1261","Adam Ben","Aon Bateman","A","38","16/9/1984"
"1262","Carl George","Bngard Dewalt","C","20","9/3/2002"
"1263","Ed Matthew","Cnnon Lawless","E","50","12/2/1972"
"1264","Fank Hank","Ditz Frick","F","37","19/9/1985"
"1265","G Hank","Dt Frick","G","29","18/7/1993"
"1266","Ie David","Hancock Boyd","I","86","23/8/1936"
"1267","Ly Edward","Kg Cannon","L","62","30/12/1960"
"1268","Gorge Jack","Dewalt Hesch","G","95","18/1/1927"
"1269","Ben Fred","Bateman Cast","B","41","18/10/1981"
"1270","Ben Larry","Beman Kassing","B","60","23/10/1962"
"1271","Eard George","Cnnon Dewalt","E","99","1/2/1923"
"1272","Fd David","Cast Boyd","F","42","5/6/1980"
"1273","Ldward","Kssing Cannon","L","15","25/8/2007"
"1274","Alex Fred","Awoon Cast","A","86","15/9/1936"
"1275","Alex John","Aoon Haworth","A","28","19/3/1994"
"1276","Jhn Fred","Hrth Cast","J","98","13/6/1924"
"1277","Crl Ben","Bd Bateman","C","19","27/9/2003"
"1278","Dan Ike","Brs Hancock","D","73","17/5/1949"
"1279","Did Aaron","Byd Aikin","D","96","17/10/1926"
"1280","Fred Hal","Ct Ebner","F","119","18/4/1903"
"1281","Jn Larry","Hworth Kassing","J","95","9/12/1927"
"1282","Monte Fred","Knutson Cast","M","89","3/6/1933"
"1283","Monte Joe","K Hoffman","M","85","17/3/1937"
"1284","Am Hal","Ason Ebner","A","110","21/7/1912"
"1285","Ed Fred","Con Cast","E","54","24/3/1968"
"1286","F John","Cast Haworth","F","85","26/12/1937"
"1287","Jck Larry","Hch Kassing","J","14","3/12/2008"
"1288","Aaron Matthew","Ain Lawless","A","104","3/6/1918"
"1289","Dd Ike","Bancock","D","66","16/3/1956"
"1290","Fred Matthew","CLawless","F","34","30/6/1988"
"1291","Hank Hank","Frick Frick","H","37","13/1/1985"
"1292","D David","Bwers Boyd","D","92","13/8/1930"
"1293","Fnk Ike","Ditz Hancock","F","44","7/10/1978"
"1294","Joe Matthew","Han Lawless","J","43","28/2/1979"
"1295","Larry Hank","Kng Frick","L","101","29/12/1921"
"1296","Lry Monte","Ksing Knutson","L","55","13/8/1967"
"1297","Edward George","Cn Dewalt","E","67","19/12/1955"
"1298","Fd Edward","Cast Cannon","F","76","2/9/1946"
"1299","Gdward","Dewalt Cannon","G","99","16/2/1923"
"1300","Mte Hal","Knutson Ebner","M","88","6/10/1934"
"1301","Fred John","Cst Haworth","F","94","18/2/1928"
"1302","Larry Aaron","Kg Aikin","L","75","21/9/1947"
"1303","John George","Hworth Dewalt","J","13","13/12/2009"
"1304","Aaron Frank","Aikin Deitz","A","53","6/6/1969"
"1305","Crl Monte","Bngard Knutson","C","87","6/4/1935"
"1306","Gorge Ben","Dewalt Bateman","G","114","9/10/1908"
"1307","Jack Jack","H Hesch","J","79","5/8/1943"
"1308","Ly Aaron","Kassing Aikin","L","96","20/2/1926"
"1309","Fd George","Ct Dewalt","F","97","8/7/1925"
"1310","Me Hank","Kutson Frick","M","20","16/8/2002"
"1311","An Monte","Ain Knutson","A","85","4/8/1937"
"1312","Jck Dan","Hsch Bowers","J","122","11/4/1900"
"1313","Aron Hal","Aikin Ebner","A","82","16/1/1940"
"1314","Dd Carl","Bd Bongard","D","75","27/7/1947"
"1315","Erd Dan","Cnnon Bowers","E","90","29/9/1932"
"1316","Fank John","Daworth","F","82","21/12/1940"
"1317","Fank Larry","Ditz Kassing","F","12","12/2/2010"
"1318","Crl Larry","Bgard Kassing","C","39","22/5/1983"
"1319","Eard Aaron","Cn Aikin","E","62","21/2/1960"
"1320","Gge Joe","Dlt Hoffman","G","26","24/1/1996"
"1321","Jk Hal","Hch Ebner","J","63","20/9/1959"
"1322","Jk Joe","Hch Hoffman","J","17","29/4/2005"
"1323","Larry Jack","King Hesch","L","122","11/12/1900"
"1324","Mnte Alex","Knutson Ashwoon","M","74","19/2/1948"
"1325","Eard Fred","Cn Cast","E","41","24/1/1981"
"1326","Mnte Aaron","Kn Aikin","M","107","12/4/1915"
"1327","Hk Matthew","FLawless","H","36","21/11/1986"
"1328","Ie Monte","Hcock Knutson","I","32","19/5/1990"
"1329","Cl Frank","Brd Deitz","C","92","15/9/1930"
"1330","David Dan","Boyd Bowers","D","26","24/2/1996"
"1331","Eard Jack","Cannon Hesch","E","75","11/8/1947"
"1332","Ly Fred","Kng Cast","L","67","26/5/1955"
"1333","Ge Ike","Dncock","G","58","1/9/1964"
"1334","Ike Carl","Hk Bongard","I","38","1/12/1984"
"1335","Aam Aaron","Ason Aikin","A","65","22/7/1957"
"1336","Cl Hank","Bongard Frick","C","38","17/9/1984"
"1337","Eward Ike","Cn Hancock","E","68","28/1/1954"
"1338","Aron Ike","Aikin Hancock","A","67","22/6/1955"
"1339","L John","Kg Haworth","L","111","6/7/1911"
"1340","Monte Jack","Knutson Hesch","M","112","5/12/1910"
"1341","Ed George","Con Dewalt","E","39","7/8/1983"
"1342","Gorge Monte","Dalt Knutson","G","105","1/6/1917"
"1343","Eward Monte","Cnon Knutson","E","76","22/10/1946"
"1344","Jk Fred","Hsch Cast","J","102","13/9/1920"
"1345","Aaron George","Akin Dewalt","A","45","18/7/1977"
"1346","Edward Carl","Cnnon Bongard","E","61","30/6/1961"
"1347","Aex Joe","Aon Hoffman","A","26","7/11/1996"
"1348","Hnk George","Fewalt","H","33","26/4/1989"
"1349","Ly Hank","King Frick","L","98","10/7/1924"
"1350","Ed Edward","Cnon Cannon","E","35","2/7/1987"
"1351","MDavid","Knutson Boyd","M","31","19/10/1991"
"1352","Ceorge","Bard Dewalt","C","41","28/10/1981"
"1353","Carl Frank","Bongard Deitz","C","86","28/2/1936"
"1354","Ge Hal","Dewalt Ebner","G","118","20/12/1904"
"1355","Jck Aaron","Hesch Aikin","J","67","3/12/1955"
"1356","Fnk George","Ditz Dewalt","F","119","24/5/1903"
"1357","F Aaron","Cast Aikin","F","84","27/9/1938"
"1358","John Larry","Hth Kassing","J","65","15/5/1957"
"1359","Aron Monte","AKnutson","A","76","4/4/1946"
"1360","GMonte","Dnutson","G","79","24/9/1943"
"1361","Aaron Carl","Aikin Bongard","A","120","21/9/1902"
"1362","Frank Monte","Ditz Knutson","F","113","6/8/1909"
"1363","Ben George","Beman Dewalt","B","121","16/8/1901"
"1364","Aex Fred","An Cast","A","109","16/6/1913"
"1365","Ie Matthew","Hcock Lawless","I","41","1/7/1981"
"1366","L George","KDewalt","L","84","20/6/1938"
"1367","Eard Matthew","Cnon Lawless","E","82","1/2/1940"
"1368","David Monte","Byd Knutson","D","51","24/5/1971"
"1369","Jhn Hank","Hrth Frick","J","41","1/8/1981"
"1370","Fnk Edward","Ditz Cannon","F","110","9/6/1912"
"1371","BMatthew","Bteman Lawless","B","104","2/11/1918"
"1372","M Matthew","Kson Lawless","M","101","3/3/1921"
"1373","Dd Hal","BEbner","D","83","23/8/1939"
"1374","Cl David","Bongard Boyd","C","60","30/4/1962"
"1375","Aon Larry","Ain Kassing","A","70","30/4/1952"
"1376","Fed Frank","Ct Deitz","F","76","27/2/1946"
"1377","Aron Alex","Ain Ashwoon","A","26","22/6/1996"
"1378","Bdward","Beman Cannon","B","118","24/5/1904"
"1379","CMatthew","Brd Lawless","C","99","14/8/1923"
"1380","IFrank","Hock Deitz","I","52","12/4/1970"
"1381","David Carl","Boyd Bongard","D","107","8/9/1915"
"1382","Edward Monte","Cn Knutson","E","19","8/7/2003"
"1383","Monte Aaron","Ktson Aikin","M","43","4/10/1979"
"1384","CAaron","Bongard Aikin","C","65","18/3/1957"
"1385","Erd Carl","C Bongard","E","87","20/5/1935"
"1386","L David","King Boyd","L","84","23/10/1938"
"1387","Mte Frank","Kn Deitz","M","83","13/12/1939"
"1388","Monte Alex","Kutson Ashwoon","M","15","5/12/2007"
"1389","Jn David","Horth Boyd","J","28","11/8/1994"
"1390","Gge Carl","Dt Bongard","G","114","19/7/1908"
"1391","Grge Hank","Dewalt Frick","G","71","20/2/1951"
"1392","Aon Fred","Aikin Cast","A","36","12/2/1986"
"1393","Aron George","Ain Dewalt","A","80","16/3/1942"
"1394","I Matthew","Hncock Lawless","I","87","6/2/1935"
"1395","Erd Alex","Cnnon Ashwoon","E","30","19/8/1992"
"1396","Aron Jack","Akin Hesch","A","27","18/1/1995"
"1397","Aron Larry","Aikin Kassing","A","69","28/3/1953"
"1398","Did Ben","Boyd Bateman","D","114","18/4/1908"
"1399","Monte George","Kson Dewalt","M","22","11/3/2000"
"1400","Carl Matthew","Bongard Lawless","C","38","9/7/1984"
"1401","Fd John","Ct Haworth","F","83","7/7/1939"
"1402","MMatthew","Ktson Lawless","M","13","13/9/2009"
"1403","Aex Ben","Aoon Bateman","A","120","25/1/1902"
"1404","Alex Aaron","Ahwoon Aikin","A","49","24/3/1973"
"1405","Aron Joe","A Hoffman","A","24","5/4/1998"
"1406","Aex Hank","Ahwoon Frick","A","66","28/3/1956"
"1407","Ge David","Dalt Boyd","G","85","23/8/1937"
"1408","Aaron Alex","Aikin Ashwoon","A","70","16/4/1952"
"1409","Frank Alex","Dtz Ashwoon","F","35","3/8/1987"
"1410","Alex Matthew","Awoon Lawless","A","26","22/3/1996"
"1411","Ctthew","Bard Lawless","C","21","1/2/2001"
"1412","Ge Larry","Dassing","G","79","28/10/1943"
"1413","ELarry","Con Kassing","E","17","30/9/2005"
"1414","C Edward","Bongard Cannon","C","112","3/2/1910"
"1415","GFrank","Dalt Deitz","G","88","4/4/1934"
"1416","Aron Edward","Aikin Cannon","A","56","30/4/1966"
"1417","Edward Dan","Con Bowers","E","13","21/3/2009"
"1418","L Edward","Ksing Cannon","L","91","18/6/1931"
"1419","Gge Jack","Dt Hesch","G","22","27/9/2000"
"1420","Jk John","Hch Haworth","J","33","13/12/1989"
"1421","Did Dan","Byd Bowers","D","106","17/8/1916"
"1422","David John","Boyd Haworth","D","101","4/3/1921"
"1423","George Carl","Dalt Bongard","G","28","7/8/1994"
